index,value
700611,3.5
700612,3.5
700613,3.5
700614,3.5
700715,3.5
700716,3.5
700817,3.5
700818,3.5
700819,3.5
700820,3.5
701022,3.5
701023,3.5
701124,3.5
701125,3.5
701126,3.5
701227,3.5
701228,8.20001220703125
701229,8.5
701230,3.5
701276,0.0
701277,0.0
701331,3.5
701332,3.5
701378,0.0
701433,3.5
701434,3.5
701479,0.0
701480,0.0
701535,3.4000244140625
701536,3.5
702259,3.5
702260,3.4000244140625
702261,3.5
702262,3.5
702363,3.5
702464,3.5
702465,3.5
702466,3.5
702567,3.5
702568,3.5
702569,3.5
702570,3.5
710201,59.5
710202,59.5
710203,67.9000015258789
710204,67.9000015258789
710205,67.9000015258789
710206,67.9000015258789
710207,67.9000015258789
710208,67.9000015258789
710209,67.9000015258789
710210,67.9000015258789
710211,67.9000015258789
710212,67.9000015258789
710213,67.9000015258789
710214,67.9000015258789
710215,67.9000015258789
710216,67.9000015258789
710217,67.9000015258789
710218,67.9000015258789
710219,67.9000015258789
710220,67.9000015258789
710221,67.9000015258789
710222,67.9000015258789
710223,67.9000015258789
710224,67.9000015258789
710225,67.9000015258789
710226,67.9000015258789
710227,67.9000015258789
710228,67.9000015258789
710229,67.9000015258789
710230,67.9000015258789
710231,67.9000015258789
710232,67.9000015258789
710233,67.9000015258789
710234,67.9000015258789
710235,67.9000015258789
710236,67.9000015258789
710237,67.9000015258789
710238,67.9000015258789
710239,67.9000015258789
710240,67.9000015258789
710241,67.9000015258789
710242,67.9000015258789
710243,67.9000015258789
710244,67.9000015258789
710245,67.9000015258789
710246,67.9000015258789
710247,67.9000015258789
710248,67.9000015258789
710249,67.9000015258789
710250,67.9000015258789
710251,67.9000015258789
710252,67.9000015258789
710253,67.9000015258789
710254,67.9000015258789
710255,67.9000015258789
710256,67.9000015258789
710257,67.9000015258789
710258,67.9000015258789
710259,67.9000015258789
710260,67.9000015258789
710261,67.9000015258789
710262,67.9000015258789
710263,67.9000015258789
710264,67.9000015258789
710265,67.9000015258789
710266,67.9000015258789
710267,67.9000015258789
710269,67.9000015258789
710271,67.9000015258789
710272,67.9000015258789
710273,67.9000015258789
710274,67.9000015258789
710275,67.9000015258789
710276,67.9000015258789
710277,67.9000015258789
710278,67.9000015258789
710279,67.9000015258789
710280,67.9000015258789
710281,67.9000015258789
710282,67.9000015258789
710283,67.9000015258789
710284,67.9000015258789
710285,67.9000015258789
710286,59.5
710287,67.9000015258789
710288,67.9000015258789
710289,67.9000015258789
710290,67.9000015258789
710291,67.9000015258789
710292,67.9000015258789
710293,67.9000015258789
710294,67.9000015258789
710295,67.9000015258789
710296,67.9000015258789
710297,67.9000015258789
710298,67.9000015258789
710299,67.9000015258789
710301,59.5
710302,59.5
710303,59.5
710304,59.5
710305,59.5
710306,59.5
710307,59.5
710308,59.5
710309,59.5
710310,59.5
710311,59.5
710312,59.5
710313,46.0
710314,46.0
710315,46.0
710316,46.0
710317,46.0
710318,46.0
710319,46.0
710320,46.0
710321,46.0
710322,59.5
710323,59.5
710324,59.5
710325,59.5
710326,59.5
710327,59.5
710328,59.5
710329,59.5
710330,59.5
710331,59.5
710332,59.5
710333,59.5
710334,59.5
710335,59.5
710336,59.5
710337,59.5
710338,59.5
710339,46.0
710340,46.0
710341,46.0
710342,59.5
710344,59.5
710345,59.5
710346,59.5
710347,59.5
710348,59.5
710349,59.5
710350,59.5
710351,59.5
710352,59.5
710353,59.5
710354,59.5
710355,59.5
710356,59.5
710357,59.5
710358,59.5
710359,59.5
710360,59.5
710361,59.5
710362,46.0
710363,59.5
710364,59.5
710365,59.5
710366,59.5
710367,46.0
710368,46.0
710369,46.0
710370,59.5
710371,59.5
710372,59.5
710373,59.5
710374,46.0
710375,59.5
710401,59.5
710402,59.5
710403,59.5
710404,59.5
710405,59.5
710406,59.5
710407,59.5
710408,59.5
710409,59.5
710410,59.5
710411,59.5
710412,59.5
710413,59.5
710414,59.5
710416,59.5
710417,59.5
710418,59.5
710419,46.0
710420,46.0
710421,46.0
710422,46.0
710423,59.5
710424,46.0
710425,46.0
710426,46.0
710427,59.5
710428,59.5
710429,59.5
710430,59.5
710431,59.5
710432,59.5
710433,59.5
710435,59.5
710436,59.5
710437,59.5
710438,59.5
710439,59.5
710440,59.5
710441,59.5
710442,59.5
710443,46.0
710444,46.0
710445,46.0
710446,46.0
710447,46.0
710448,46.0
710451,59.5
710452,59.5
710453,59.5
710454,59.5
710456,46.0
710457,59.5
710458,59.5
710459,59.5
710461,59.5
710463,59.5
710464,59.5
710465,46.0
710466,46.0
710467,46.0
710468,46.0
710469,46.0
710470,46.0
710471,46.0
711401,108.89999389648438
711402,108.89999389648438
711403,108.89999389648438
711404,108.89999389648438
711405,108.89999389648438
711406,108.89999389648438
711407,108.89999389648438
711408,108.89999389648438
711409,108.89999389648438
711410,108.89999389648438
711411,108.89999389648438
711412,108.89999389648438
711413,108.89999389648438
711414,108.89999389648438
711415,108.89999389648438
711416,108.89999389648438
711417,108.89999389648438
711418,108.89999389648438
711419,108.89999389648438
711420,108.89999389648438
711423,67.9000015258789
711424,108.89999389648438
711425,108.89999389648438
711426,108.89999389648438
711427,108.89999389648438
711428,108.89999389648438
711429,108.89999389648438
711430,67.9000015258789
711431,108.89999389648438
711432,108.89999389648438
711501,108.89999389648438
711502,108.89999389648438
711503,59.5
711504,108.89999389648438
711505,108.89999389648438
711506,108.89999389648438
711507,108.89999389648438
711509,108.89999389648438
711511,111.89999389648438
711512,111.89999389648438
711513,111.89999389648438
711514,111.89999389648438
711515,59.5
711516,111.89999389648438
711517,59.5
711518,59.5
711519,59.5
711521,108.89999389648438
711523,59.5
711524,108.89999389648438
711525,108.89999389648438
711526,108.89999389648438
711527,59.5
711528,108.89999389648438
711529,59.5
711530,108.89999389648438
711531,108.89999389648438
711532,108.89999389648438
711533,108.89999389648438
711534,108.89999389648438
711535,59.5
711701,59.5
711702,59.5
711703,59.5
711704,59.5
711705,59.5
711706,59.5
711707,59.5
711708,59.5
711709,59.5
711710,59.5
711711,59.5
711712,59.5
711713,59.5
711714,59.5
711715,59.5
711716,59.5
711717,59.5
711718,59.5
711719,59.5
711720,59.5
711721,59.5
711722,59.5
711723,59.5
711724,59.5
711725,59.5
711726,59.5
711727,59.5
711728,59.5
711729,59.5
711730,59.5
711731,59.5
711732,59.5
712001,59.5
712002,59.5
712004,59.5
712006,59.5
712008,59.5
712009,59.5
712011,59.5
712012,59.5
712013,59.5
712014,59.5
712015,59.5
712016,59.5
712017,59.5
712018,59.5
712020,59.5
712021,59.5
712022,59.5
712023,59.5
712024,59.5
712025,59.5
712026,59.5
712027,59.5
712028,59.5
712029,59.5
712030,59.5
712032,59.5
712033,59.5
712034,59.5
712035,59.5
712036,59.5
712037,59.5
712038,59.5
712039,59.5
712040,59.5
712041,59.5
712042,59.5
712043,59.5
712044,59.5
712045,59.5
712046,59.5
712047,59.5
712301,67.9000015258789
712302,67.9000015258789
712303,67.9000015258789
712304,67.9000015258789
712305,67.9000015258789
712306,67.9000015258789
712307,67.9000015258789
712308,67.9000015258789
712309,67.9000015258789
712310,67.9000015258789
712311,67.9000015258789
712312,67.9000015258789
712313,67.9000015258789
712314,67.9000015258789
712315,67.9000015258789
712316,67.9000015258789
712317,67.9000015258789
712318,67.9000015258789
712319,67.9000015258789
712320,67.9000015258789
712321,67.9000015258789
712322,67.9000015258789
712323,67.9000015258789
712324,67.9000015258789
712325,67.9000015258789
712326,67.9000015258789
712327,67.9000015258789
712328,67.9000015258789
712329,67.9000015258789
712330,67.9000015258789
712331,67.9000015258789
712332,67.9000015258789
712333,67.9000015258789
712334,67.9000015258789
712335,67.9000015258789
712336,67.9000015258789
712337,67.9000015258789
712338,67.9000015258789
712339,67.9000015258789
712341,67.9000015258789
712342,67.9000015258789
712343,67.9000015258789
712344,67.9000015258789
712501,67.9000015258789
712502,67.9000015258789
712503,67.9000015258789
712504,67.9000015258789
712505,67.9000015258789
712506,67.9000015258789
712507,67.9000015258789
712508,67.9000015258789
712509,67.9000015258789
712510,67.9000015258789
712512,67.9000015258789
712513,67.9000015258789
712514,67.9000015258789
712515,67.9000015258789
712516,67.9000015258789
712517,67.9000015258789
712518,67.9000015258789
712519,67.9000015258789
712520,67.9000015258789
712521,67.9000015258789
712522,67.9000015258789
712523,67.9000015258789
712601,59.5
712602,59.5
712603,59.5
712604,59.5
712605,59.5
712606,46.0
712607,46.0
712608,46.0
712609,46.0
712610,46.0
712611,46.0
712612,46.0
712613,46.0
712614,46.0
712615,46.0
712616,46.0
712617,46.0
712618,46.0
712619,46.0
712620,46.0
712621,46.0
712622,46.0
712624,46.0
712627,46.0
712628,46.0
712629,46.0
712630,46.0
712631,46.0
712632,46.0
712633,46.0
712634,46.0
712635,46.0
712636,46.0
712637,46.0
712638,46.0
712640,59.5
712641,46.0
712642,46.0
712643,46.0
712644,46.0
712645,46.0
712646,46.0
712647,46.0
712651,46.0
712701,46.0
712702,46.0
712703,46.0
712704,46.0
712705,46.0
712706,46.0
712707,46.0
712708,46.0
712709,46.0
712710,46.0
712711,46.0
712712,46.0
712713,46.0
712714,46.0
712715,46.0
712716,46.0
712718,46.0
712719,46.0
712720,46.0
712721,46.0
712722,46.0
712723,46.0
712724,46.0
712725,46.0
712726,46.0
712727,46.0
712728,46.0
712729,46.0
712730,46.0
712731,46.0
712732,46.0
712733,46.0
712734,46.0
712735,46.0
712736,46.0
712737,46.0
712738,46.0
712740,46.0
712741,46.0
712742,46.0
712743,46.0
712744,46.0
712745,46.0
712746,46.0
712747,46.0
712748,46.0
712749,46.0
712750,46.0
712751,46.0
712752,46.0
712753,46.0
712754,46.0
712755,46.0
712801,46.0
712802,46.0
712803,46.0
712804,46.0
712805,46.0
712806,46.0
712810,46.0
712811,46.0
712870,46.0
712880,46.0
712890,46.0
713601,59.5
713602,59.5
713603,59.5
713604,59.5
713605,59.5
713606,59.5
713607,59.5
713609,46.0
713610,59.5
713611,46.0
713612,46.0
713614,46.0
713615,46.0
713616,46.0
713618,46.0
713619,46.0
713620,46.0
713621,46.0
713622,46.0
713623,46.0
713624,46.0
713625,46.0
713626,46.0
713627,46.0
713628,46.0
713629,46.0
713630,46.0
713631,46.0
713632,46.0
713633,59.5
713634,59.5
713635,46.0
713636,46.0
713638,46.0
713639,59.5
713640,59.5
713641,59.5
713642,46.0
713643,46.0
713644,59.5
713645,59.5
713646,59.5
713647,46.0
713648,46.0
713649,59.5
713650,59.5
713651,59.5
713652,46.0
713653,46.0
713654,46.0
713655,59.5
713661,46.0
713801,59.5
713802,59.5
713803,59.5
713804,59.5
713805,59.5
713806,59.5
713807,59.5
713808,59.5
713809,59.5
713810,59.5
713811,59.5
713812,59.5
713813,59.5
713815,59.5
713817,59.5
713818,59.5
713819,59.5
713820,59.5
713821,59.5
713822,59.5
713823,59.5
713824,59.5
713826,59.5
713827,59.5
713828,59.5
713829,59.5
713830,59.5
713831,59.5
713832,59.5
713833,59.5
713834,59.5
713835,59.5
713836,59.5
713901,117.89999389648438
713902,117.89999389648438
713903,117.89999389648438
713904,117.89999389648438
713905,117.89999389648438
713908,117.89999389648438
713909,117.89999389648438
713910,117.89999389648438
713911,117.89999389648438
713912,117.89999389648438
713913,117.89999389648438
713915,117.89999389648438
713916,117.89999389648438
713917,117.89999389648438
713919,117.89999389648438
713920,117.89999389648438
713921,117.89999389648438
713922,117.89999389648438
713923,117.89999389648438
713924,117.89999389648438
713925,117.89999389648438
713926,117.89999389648438
713927,117.89999389648438
713928,117.89999389648438
713929,117.89999389648438
713930,117.89999389648438
716001,59.5
716002,59.5
716003,59.5
716004,59.5
716005,59.5
716006,59.5
716007,59.5
716008,59.5
716009,59.5
716010,59.5
716011,59.5
716012,59.5
716013,59.5
716014,59.5
716015,59.5
716016,59.5
716017,59.5
716018,59.5
716019,59.5
716020,59.5
716021,59.5
716022,59.5
716023,59.5
716024,59.5
716025,59.5
716026,59.5
716027,59.5
716028,59.5
716029,59.5
716030,59.5
716032,59.5
716033,59.5
716034,59.5
716035,59.5
716036,59.5
716037,59.5
716038,59.5
716039,59.5
716040,59.5
716041,59.5
716042,59.5
716043,59.5
716044,59.5
716045,59.5
716046,59.5
716047,59.5
716048,59.5
716049,59.5
716050,59.5
716051,59.5
716052,59.5
716053,59.5
716054,59.5
716055,59.5
716056,59.5
716061,59.5
716062,59.5
716063,59.5
716201,59.5
716202,59.5
716203,59.5
716204,59.5
716205,59.5
716206,59.5
716207,59.5
716208,59.5
716209,59.5
716210,59.5
716211,59.5
716212,59.5
716213,59.5
716214,59.5
716215,59.5
716216,59.5
716217,59.5
716218,59.5
716219,59.5
716220,59.5
716222,59.5
716223,59.5
716224,59.5
716301,67.9000015258789
716302,67.9000015258789
716303,67.9000015258789
716306,67.9000015258789
716307,67.9000015258789
716308,67.9000015258789
716309,67.9000015258789
716310,67.9000015258789
716311,67.9000015258789
716312,67.9000015258789
716313,67.9000015258789
716314,67.9000015258789
716315,67.9000015258789
716316,67.9000015258789
716317,67.9000015258789
716318,108.89999389648438
716319,67.9000015258789
716320,67.9000015258789
716321,67.9000015258789
716322,67.9000015258789
716323,67.9000015258789
716324,67.9000015258789
716325,67.9000015258789
716326,67.9000015258789
716327,67.9000015258789
716328,67.9000015258789
716329,59.5
716330,67.9000015258789
716331,67.9000015258789
716332,67.9000015258789
716333,67.9000015258789
716334,67.9000015258789
716335,67.9000015258789
716336,67.9000015258789
716337,67.9000015258789
716338,67.9000015258789
716339,67.9000015258789
718101,46.0
718102,46.0
718103,46.0
718104,46.0
718105,46.0
718106,46.0
718107,46.0
718108,46.0
718109,46.0
718111,46.0
718112,46.0
718113,46.0
718115,46.0
718116,46.0
718117,46.0
718118,46.0
718119,46.0
718120,46.0
718121,46.0
718122,46.0
718123,46.0
718124,46.0
718125,46.0
718126,46.0
718127,46.0
718128,46.0
718129,46.0
718130,46.0
718131,46.0
718132,46.0
718133,46.0
718134,46.0
718135,46.0
718136,46.0
718138,46.0
718139,46.78999328613281
718140,46.78999328613281
718141,46.0
718142,46.0
718143,46.0
718144,46.0
718145,46.0
718146,46.0
718148,46.0
718149,46.0
718151,333.70001220703125
718152,46.0
718153,46.0
718154,46.0
718155,46.0
718156,46.0
718157,46.0
718158,46.0
718159,46.0
718160,46.0
718161,46.0
718162,46.0
718163,46.0
718164,46.0
718165,46.0
718166,46.0
718167,46.0
718168,46.0
718169,46.0
718170,46.0
718171,46.0
718172,46.0
718173,46.0
718201,59.5
718202,59.5
718203,59.5
718204,59.5
718205,59.5
718207,59.5
718208,59.5
718209,59.5
718210,59.5
718211,59.5
718212,59.5
718213,59.5
718214,59.5
718215,59.5
718216,59.5
718217,59.5
718218,59.5
718219,59.5
718220,59.5
718221,59.5
718222,59.5
718223,59.5
718224,59.5
718225,59.5
718226,59.5
718227,59.5
718228,59.5
718229,59.5
718230,59.5
718231,59.5
718232,59.5
718233,59.5
718234,59.5
718235,59.5
718236,59.5
718237,59.5
718238,59.5
718239,59.5
718240,59.5
718241,59.5
718242,59.5
718243,59.5
718244,59.5
718245,59.5
718246,59.5
718247,59.5
718248,59.5
718249,59.5
718250,59.5
718251,59.5
718252,59.5
718253,59.5
718254,59.5
718255,59.5
718256,59.5
718257,59.5
718258,59.5
718259,59.5
718260,59.5
718301,67.9000015258789
718302,67.9000015258789
718303,67.9000015258789
718304,67.9000015258789
718305,67.9000015258789
718306,67.9000015258789
718307,67.9000015258789
718308,67.9000015258789
718309,67.9000015258789
718310,67.9000015258789
718311,67.9000015258789
718312,67.9000015258789
718313,67.9000015258789
718314,67.9000015258789
718315,67.9000015258789
718316,67.9000015258789
718317,67.9000015258789
718318,67.9000015258789
718319,67.9000015258789
718320,67.9000015258789
718321,67.9000015258789
718322,67.9000015258789
718401,67.9000015258789
718402,67.9000015258789
718403,67.9000015258789
718404,67.9000015258789
718405,67.9000015258789
718406,67.9000015258789
718407,67.9000015258789
718408,67.9000015258789
718409,67.9000015258789
718410,67.9000015258789
718411,67.9000015258789
718412,67.9000015258789
718414,67.9000015258789
718415,67.9000015258789
718417,67.9000015258789
718418,67.9000015258789
718423,59.5
718424,67.9000015258789
718425,67.9000015258789
718426,67.9000015258789
718429,67.9000015258789
718431,67.9000015258789
718434,67.9000015258789
718436,59.5
718437,59.5
718438,67.9000015258789
718439,67.9000015258789
718440,67.9000015258789
718442,67.9000015258789
718443,67.9000015258789
718444,67.9000015258789
718447,67.9000015258789
718448,67.9000015258789
718449,67.9000015258789
718450,67.9000015258789
718451,67.9000015258789
718452,67.9000015258789
718453,59.5
718454,67.9000015258789
718455,67.9000015258789
718456,67.9000015258789
718457,67.9000015258789
718458,67.9000015258789
718459,67.9000015258789
718460,67.9000015258789
718461,67.9000015258789
718462,67.9000015258789
718463,67.9000015258789
718464,67.9000015258789
718465,59.5
718466,67.9000015258789
718467,67.9000015258789
718468,67.9000015258789
718469,59.5
718470,59.5
718471,59.5
718472,67.9000015258789
718473,67.9000015258789
718474,67.9000015258789
718475,67.9000015258789
718476,59.5
718477,59.5
718478,67.9000015258789
718479,67.9000015258789
718601,59.5
718602,59.5
718603,59.5
718604,59.5
718605,59.5
718606,59.5
718607,59.5
718608,59.5
718609,59.5
718610,59.5
718611,59.5
718612,59.5
718613,59.5
718614,59.5
718615,59.5
718616,59.5
718617,59.5
718618,59.5
718619,59.5
718620,59.5
718621,59.5
718622,59.5
718624,59.5
718626,59.5
718627,59.5
718628,59.5
718629,59.5
718630,59.5
718631,59.5
718632,59.5
718633,59.5
718634,59.5
718635,59.5
718636,59.5
718637,59.5
718638,59.5
718639,59.5
718640,59.5
718641,59.5
718701,59.5
718702,59.5
718703,59.5
718704,59.5
718705,59.5
718706,59.5
718707,59.5
718710,59.5
718711,59.5
718712,59.5
718713,59.5
718714,59.5
718715,59.5
718716,59.5
718717,59.5
718780,59.5
718790,59.5
718801,111.89999389648438
718802,111.89999389648438
718803,111.89999389648438
718804,111.89999389648438
718805,111.89999389648438
718806,111.89999389648438
718807,111.89999389648438
718808,111.89999389648438
718809,111.89999389648438
718810,111.89999389648438
718811,111.89999389648438
718812,111.89999389648438
718813,111.89999389648438
718814,111.89999389648438
718815,111.89999389648438
718816,111.89999389648438
718817,111.89999389648438
718818,111.89999389648438
718819,111.89999389648438
718820,111.89999389648438
718821,111.89999389648438
718822,111.89999389648438
718823,111.89999389648438
718824,111.89999389648438
718825,111.89999389648438
718826,111.89999389648438
718827,111.89999389648438
718828,147.89999389648438
718829,147.89999389648438
718830,147.89999389648438
718831,147.89999389648438
718832,147.89999389648438
718833,147.89999389648438
718834,111.89999389648438
718835,111.89999389648438
718836,111.89999389648438
718837,111.89999389648438
718838,147.89999389648438
718840,111.89999389648438
718841,111.89999389648438
718842,111.89999389648438
718843,111.89999389648438
718844,111.89999389648438
718845,111.89999389648438
718846,111.89999389648438
718847,111.89999389648438
718848,111.89999389648438
718849,111.89999389648438
718850,111.89999389648438
718851,111.89999389648438
718852,111.89999389648438
718853,111.89999389648438
718854,111.89999389648438
718855,111.89999389648438
718856,111.89999389648438
718857,111.89999389648438
718858,111.89999389648438
718859,111.89999389648438
718860,111.89999389648438
718861,111.89999389648438
718862,111.89999389648438
718863,111.89999389648438
718864,111.89999389648438
718865,111.89999389648438
718866,111.89999389648438
718867,111.89999389648438
718868,111.89999389648438
718869,111.89999389648438
718870,111.89999389648438
718871,111.89999389648438
718872,111.89999389648438
719101,108.89999389648438
719102,108.89999389648438
719103,108.89999389648438
719104,108.89999389648438
719105,108.89999389648438
719106,108.89999389648438
719108,124.80000305175781
719110,108.89999389648438
719111,108.89999389648438
719112,108.89999389648438
719113,108.89999389648438
719114,108.89999389648438
719115,108.89999389648438
719116,108.89999389648438
719117,108.89999389648438
719118,108.89999389648438
719119,108.89999389648438
719120,108.89999389648438
719121,108.89999389648438
719122,108.89999389648438
719123,108.89999389648438
719124,108.89999389648438
719125,108.89999389648438
719126,111.89999389648438
719127,108.89999389648438
719128,111.89999389648438
719131,108.89999389648438
719133,108.89999389648438
719134,108.89999389648438
719135,111.89999389648438
719136,111.89999389648438
719137,111.89999389648438
719139,108.89999389648438
719140,108.89999389648438
719141,111.89999389648438
719143,108.89999389648438
719144,108.89999389648438
719145,108.89999389648438
719146,111.89999389648438
719147,108.89999389648438
719148,108.89999389648438
719149,108.89999389648438
719150,108.89999389648438
719151,108.89999389648438
719152,108.89999389648438
719153,108.89999389648438
719154,111.89999389648438
719155,111.89999389648438
719156,108.89999389648438
719157,108.89999389648438
719158,111.89999389648438
719159,108.89999389648438
719161,108.89999389648438
719201,46.0
719202,46.0
719203,46.0
719204,46.0
719205,46.0
719206,46.0
719207,46.0
719208,46.0
719209,46.0
719210,46.0
719211,46.0
719212,46.0
719213,46.0
719214,46.0
719215,46.0
719216,46.0
719217,46.0
719218,46.0
719219,46.0
719220,46.0
719221,46.0
719222,46.0
719223,46.0
719224,46.0
719225,46.0
719226,46.0
720101,59.5
720102,59.5
720103,59.5
720104,59.5
720105,59.5
720106,59.5
720107,59.5
720108,59.5
720109,59.5
720110,59.5
720111,59.5
720112,59.5
720115,59.5
720116,59.5
720117,59.5
720118,59.5
720119,59.5
720120,59.5
720123,59.5
720124,59.5
720125,59.5
720126,59.5
720127,59.5
720128,59.5
720129,59.5
720130,59.5
720131,59.5
720132,59.5
720133,59.5
720134,59.5
720135,59.5
720136,59.5
720137,59.5
720138,59.5
720139,59.5
720140,59.5
720141,59.5
720142,59.5
720143,59.5
720144,59.5
720145,59.5
720146,59.5
720147,59.5
720148,59.5
720149,59.5
720150,59.5
720152,59.5
720153,59.5
720154,59.5
720155,59.5
720156,59.5
720157,59.5
720158,59.5
720159,59.5
720160,59.5
720161,59.5
720163,59.5
720165,59.5
720166,59.5
720167,59.5
720168,59.5
720169,59.5
720170,59.5
720171,59.5
720172,59.5
720173,59.5
720174,59.5
720175,59.5
720176,59.5
720177,59.5
720178,59.5
720179,59.5
720180,59.5
720181,59.5
720182,59.5
720183,59.5
720184,59.5
720185,59.5
720186,59.5
720187,59.5
720188,59.5
720189,59.5
720190,59.5
720191,59.5
720192,59.5
720193,59.5
720194,59.5
721102,59.5
721110,59.5
721111,59.5
721117,59.5
721118,59.5
721119,59.5
721121,59.5
721122,59.5
721123,59.5
721124,59.5
721125,59.5
721126,59.5
721127,59.5
721128,59.5
721134,59.5
721135,59.5
721136,59.5
721137,59.5
721138,59.5
721139,59.5
721143,59.5
721145,59.5
721147,59.5
721149,59.5
721153,59.5
721154,59.5
721156,59.5
721158,59.5
721160,59.5
721161,59.5
721162,59.5
721165,59.5
721166,59.5
721169,59.5
721170,59.5
721174,59.5
721178,59.5
721179,59.5
721180,59.5
721181,59.5
721182,59.5
721183,59.5
721184,59.5
721185,59.5
721186,59.5
721187,59.5
721188,59.5
721189,59.5
721192,59.5
721194,59.5
722102,59.5
722117,59.5
722119,59.5
722121,59.5
722123,59.5
722126,59.5
722135,59.5
722137,59.5
722138,59.5
722139,59.5
722147,59.5
722162,59.5
722165,59.5
722178,59.5
722180,59.5
722183,59.5
722187,59.5
722188,59.5
722192,59.5
723121,59.5
723123,59.5
723126,59.5
723135,59.5
723138,59.5
723139,59.5
723165,59.5
723180,59.5
723183,59.5
723188,59.5
724123,59.5
724138,59.5
724180,59.5
725180,59.5
725183,59.5
725184,59.5
725185,59.5
725186,59.5
725187,59.5
725188,59.5
725189,59.5
725190,59.5
725191,59.5
725192,59.5
725193,59.5
725194,59.5
725195,59.5
725196,59.5
725197,59.5
730501,94.89999389648438
730502,94.89999389648438
730503,94.89999389648438
730504,94.89999389648438
730505,94.89999389648438
730506,94.89999389648438
730507,94.89999389648438
730508,94.89999389648438
730509,94.89999389648438
730510,94.89999389648438
730511,94.89999389648438
730512,94.89999389648438
730513,94.89999389648438
730514,94.89999389648438
730515,94.89999389648438
730516,94.89999389648438
730517,94.89999389648438
730518,94.89999389648438
730519,94.89999389648438
731901,197.0
731902,197.0
731903,197.0
731904,185.29998779296875
731905,207.29998779296875
731906,207.29998779296875
731908,207.29998779296875
731909,207.29998779296875
731911,185.29998779296875
736001,164.29998779296875
736002,164.29998779296875
736003,164.29998779296875
736004,137.89999389648438
736005,137.89999389648438
736006,144.8000030517578
736007,137.89999389648438
736008,164.29998779296875
736009,180.60000610351562
736010,164.29998779296875
736011,164.29998779296875
736012,164.29998779296875
736013,197.0
736014,164.29998779296875
736015,164.29998779296875
736016,164.29998779296875
736017,164.29998779296875
736018,164.29998779296875
736019,164.29998779296875
736021,164.29998779296875
736022,164.29998779296875
737001,101.89999389648438
737002,101.89999389648438
737003,101.89999389648438
737004,101.89999389648438
737005,101.89999389648438
737006,101.89999389648438
737007,101.89999389648438
737008,101.89999389648438
737009,101.89999389648438
737010,101.89999389648438
737011,101.89999389648438
737012,101.89999389648438
737013,101.89999389648438
737014,101.89999389648438
737015,101.89999389648438
737016,101.89999389648438
737017,101.89999389648438
737018,101.89999389648438
737019,101.89999389648438
737020,101.89999389648438
737022,101.89999389648438
737023,101.89999389648438
737024,101.89999389648438
737025,101.89999389648438
737026,101.89999389648438
737027,101.89999389648438
737028,101.89999389648438
737029,101.89999389648438
737030,101.89999389648438
737031,101.89999389648438
737032,101.89999389648438
737033,101.89999389648438
737034,101.89999389648438
737035,101.89999389648438
737036,101.89999389648438
737037,101.89999389648438
737038,101.89999389648438
737039,101.89999389648438
737040,101.89999389648438
737041,101.89999389648438
737042,101.89999389648438
737043,101.89999389648438
737044,101.89999389648438
737046,101.89999389648438
737047,101.89999389648438
737048,101.89999389648438
737049,101.89999389648438
737050,101.89999389648438
737051,101.89999389648438
737052,101.89999389648438
737053,101.89999389648438
737054,101.89999389648438
737055,101.89999389648438
737056,101.89999389648438
737057,78.89999389648438
737058,78.89999389648438
737060,101.89999389648438
737061,101.89999389648438
737062,78.89999389648438
737063,78.89999389648438
737064,78.89999389648438
737065,78.89999389648438
737066,78.89999389648438
737067,124.89999389648438
737068,124.89999389648438
737069,124.89999389648438
737070,101.80000305175781
737071,101.80000305175781
737072,101.80000305175781
737073,101.80000305175781
737074,101.80000305175781
737075,101.80000305175781
737076,101.80000305175781
737077,101.80000305175781
737078,101.80000305175781
737079,101.80000305175781
737080,101.80000305175781
737081,101.80000305175781
737082,101.80000305175781
737083,101.80000305175781
737084,101.80000305175781
737085,101.80000305175781
737086,101.80000305175781
737087,101.80000305175781
737088,101.80000305175781
737089,101.80000305175781
737090,124.89999389648438
737091,124.89999389648438
737092,124.89999389648438
737093,124.89999389648438
737094,124.89999389648438
737095,124.89999389648438
737096,124.89999389648438
737097,124.89999389648438
737098,124.89999389648438
737099,124.89999389648438
737101,124.89999389648438
737102,141.6999969482422
737103,124.89999389648438
737104,124.89999389648438
737105,152.3000030517578
737106,124.89999389648438
737107,124.89999389648438
737108,124.89999389648438
737109,124.89999389648438
737110,124.89999389648438
737111,141.6999969482422
737112,141.6999969482422
737113,141.6999969482422
737114,141.6999969482422
737115,95.69999694824219
737116,95.69999694824219
737117,95.69999694824219
737118,95.69999694824219
737119,106.30000305175781
737120,114.60000610351562
737121,95.69999694824219
737122,106.30000305175781
737123,95.69999694824219
737124,106.30000305175781
737125,114.60000610351562
737126,78.89999389648438
737127,78.89999389648438
737128,78.89999389648438
737129,78.89999389648438
737130,78.89999389648438
737131,78.89999389648438
737132,78.89999389648438
737133,137.89999389648438
737134,114.60000610351562
737135,114.60000610351562
737136,78.89999389648438
737137,78.89999389648438
737138,78.89999389648438
737139,78.89999389648438
737140,78.89999389648438
737141,78.89999389648438
737142,95.69999694824219
737143,78.89999389648438
737144,78.89999389648438
737145,78.89999389648438
737146,78.89999389648438
737147,78.89999389648438
737148,78.89999389648438
737149,78.89999389648438
737150,78.89999389648438
737151,78.89999389648438
737152,78.89999389648438
737153,78.89999389648438
737154,78.89999389648438
737155,110.60000610351562
737156,78.89999389648438
737157,110.60000610351562
737158,110.60000610351562
737159,78.89999389648438
737160,78.89999389648438
737161,101.89999389648438
737162,101.89999389648438
737163,101.89999389648438
737164,101.80000305175781
737165,78.89999389648438
737166,78.89999389648438
737171,101.80000305175781
737271,101.89999389648438
737272,101.89999389648438
737273,106.30000305175781
737274,114.60000610351562
737281,78.89999389648438
737282,101.89999389648438
737291,101.80000305175781
738001,101.89999389648438
738002,101.89999389648438
738003,101.89999389648438
738004,101.89999389648438
738005,101.89999389648438
738006,101.89999389648438
738007,101.89999389648438
738008,101.89999389648438
738009,101.89999389648438
738010,101.89999389648438
738011,101.89999389648438
738012,101.89999389648438
738013,101.89999389648438
738014,101.89999389648438
738015,101.89999389648438
738016,101.89999389648438
738017,101.89999389648438
738018,101.89999389648438
738019,101.89999389648438
738020,101.89999389648438
738021,101.89999389648438
738022,101.89999389648438
738023,101.89999389648438
738024,101.89999389648438
738025,101.89999389648438
738026,101.89999389648438
738027,101.89999389648438
738028,101.89999389648438
738029,101.89999389648438
738030,101.89999389648438
738031,101.89999389648438
738032,101.89999389648438
738033,101.89999389648438
738034,101.89999389648438
738035,101.89999389648438
738036,101.89999389648438
738037,101.89999389648438
738038,101.89999389648438
738039,101.89999389648438
738040,101.89999389648438
738041,101.89999389648438
738042,101.89999389648438
738043,101.89999389648438
738044,101.89999389648438
738045,101.89999389648438
738046,101.89999389648438
738047,101.89999389648438
738048,101.89999389648438
738049,101.89999389648438
738050,101.89999389648438
738051,101.89999389648438
738052,101.89999389648438
738053,101.89999389648438
738054,101.89999389648438
738055,101.89999389648438
738056,101.89999389648438
738057,101.89999389648438
738058,101.89999389648438
738059,101.89999389648438
738060,101.89999389648438
738061,101.89999389648438
738062,101.89999389648438
738063,101.89999389648438
738064,101.89999389648438
738065,101.89999389648438
738066,101.89999389648438
738067,101.89999389648438
738068,101.89999389648438
738069,101.89999389648438
738070,101.89999389648438
738071,101.89999389648438
738072,101.89999389648438
738073,101.89999389648438
738074,101.89999389648438
738075,101.89999389648438
738076,101.89999389648438
738077,101.89999389648438
738078,101.89999389648438
738079,101.89999389648438
738080,101.89999389648438
738081,101.89999389648438
738082,101.89999389648438
738083,101.89999389648438
738084,101.89999389648438
738085,101.89999389648438
738086,101.89999389648438
738087,101.89999389648438
738089,101.89999389648438
738090,101.89999389648438
738091,101.89999389648438
738092,78.89999389648438
738093,78.89999389648438
738094,101.89999389648438
738095,101.89999389648438
738096,101.89999389648438
738097,101.89999389648438
738098,101.89999389648438
738099,101.89999389648438
738101,126.80000305175781
738102,126.80000305175781
738103,126.80000305175781
738104,126.80000305175781
738105,126.80000305175781
738106,126.80000305175781
738107,126.80000305175781
738108,126.80000305175781
738109,126.80000305175781
738110,126.80000305175781
738111,126.80000305175781
738112,126.80000305175781
738113,126.80000305175781
738114,126.80000305175781
738115,126.80000305175781
738116,126.80000305175781
738117,126.80000305175781
738118,100.80000305175781
738119,126.80000305175781
738120,126.80000305175781
738121,126.80000305175781
738122,126.80000305175781
738123,126.80000305175781
738124,126.80000305175781
738125,126.80000305175781
738126,126.80000305175781
738127,126.80000305175781
738128,126.80000305175781
738129,126.80000305175781
738130,126.80000305175781
738131,126.80000305175781
738132,48.899993896484375
738133,48.899993896484375
738134,48.899993896484375
738135,48.899993896484375
738136,80.80000305175781
738137,80.80000305175781
738138,126.80000305175781
738139,126.80000305175781
738140,126.80000305175781
738141,80.80000305175781
738142,126.80000305175781
738143,126.80000305175781
738144,126.80000305175781
738145,126.80000305175781
738146,126.80000305175781
738147,148.3000030517578
738151,126.80000305175781
738152,126.80000305175781
738153,126.80000305175781
738201,137.89999389648438
738202,137.89999389648438
738203,137.89999389648438
738204,137.89999389648438
738205,137.89999389648438
738206,137.89999389648438
738207,137.89999389648438
738208,137.89999389648438
738209,137.89999389648438
738210,137.89999389648438
738211,137.89999389648438
738212,137.89999389648438
738213,137.89999389648438
738214,400.0
738215,124.89999389648438
738216,124.89999389648438
738217,124.89999389648438
738218,137.89999389648438
738219,137.89999389648438
738220,137.89999389648438
738221,137.89999389648438
738222,137.89999389648438
738223,137.89999389648438
738231,137.89999389648438
742802,113.39999389648438
742803,113.39999389648438
742804,113.39999389648438
742805,113.39999389648438
742806,85.5
742807,85.5
742808,113.39999389648438
742809,113.39999389648438
742810,113.39999389648438
742812,113.39999389648438
742821,113.39999389648438
742822,113.39999389648438
746101,22.789993286132812
746102,22.789993286132812
746103,22.789993286132812
746104,29.789993286132812
746105,29.789993286132812
746106,29.789993286132812
746111,29.789993286132812
746112,29.789993286132812
747001,16.959999084472656
747002,16.959999084472656
747003,16.959999084472656
747004,16.959999084472656
747005,16.959999084472656
747006,16.959999084472656
747007,16.959999084472656
747008,16.959999084472656
747009,38.08000183105469
747010,38.08000183105469
747011,38.08000183105469
747012,38.08000183105469
747013,16.959999084472656
747021,16.959999084472656
747022,16.959999084472656
747023,16.959999084472656
747024,16.959999084472656
747025,16.959999084472656
747026,16.959999084472656
747027,16.959999084472656
747028,16.959999084472656
747029,16.959999084472656
747401,16.959999084472656
747402,16.959999084472656
748001,45.100006103515625
748002,45.100006103515625
748003,45.100006103515625
748004,45.100006103515625
748005,45.100006103515625
748007,45.100006103515625
748008,45.100006103515625
748009,45.100006103515625
748010,45.100006103515625
748011,45.100006103515625
748012,45.100006103515625
748013,45.100006103515625
748014,45.100006103515625
748015,45.100006103515625
748017,45.100006103515625
748018,45.100006103515625
748019,45.100006103515625
748020,45.100006103515625
748021,45.100006103515625
748022,45.100006103515625
748023,45.100006103515625
748024,45.100006103515625
748026,45.100006103515625
748027,45.100006103515625
748028,45.100006103515625
748029,45.100006103515625
748030,45.100006103515625
748031,45.100006103515625
748032,45.100006103515625
748033,45.100006103515625
748034,45.100006103515625
748035,45.100006103515625
748036,45.100006103515625
748037,45.100006103515625
748038,45.100006103515625
748039,45.100006103515625
748040,45.100006103515625
748041,45.100006103515625
748042,45.100006103515625
748043,45.100006103515625
748044,45.100006103515625
748045,45.100006103515625
748046,45.100006103515625
748047,54.600006103515625
748048,45.100006103515625
748049,45.100006103515625
748050,45.100006103515625
748051,45.100006103515625
748052,45.100006103515625
748053,45.100006103515625
748054,45.100006103515625
748055,45.100006103515625
748056,45.100006103515625
748057,45.100006103515625
748058,45.100006103515625
748059,6.2100067138671875
748060,45.100006103515625
748061,45.100006103515625
748062,6.2100067138671875
748063,45.100006103515625
748064,45.100006103515625
748065,45.100006103515625
748066,45.100006103515625
748067,45.100006103515625
748068,45.100006103515625
748069,45.100006103515625
748070,45.100006103515625
748071,45.100006103515625
748072,45.100006103515625
748073,45.100006103515625
748074,45.100006103515625
748075,45.100006103515625
748076,45.100006103515625
748101,45.100006103515625
748102,45.100006103515625
748104,45.100006103515625
748105,45.100006103515625
748106,45.100006103515625
748107,45.100006103515625
748108,45.100006103515625
748109,45.100006103515625
748110,45.100006103515625
748111,45.100006103515625
748112,45.100006103515625
748121,45.100006103515625
748122,45.100006103515625
748201,90.60000610351562
748202,90.60000610351562
748203,90.60000610351562
748204,90.60000610351562
748205,90.60000610351562
748206,90.60000610351562
748207,90.60000610351562
748208,90.60000610351562
748209,90.60000610351562
748210,90.60000610351562
748211,90.60000610351562
748212,51.69999694824219
748213,51.69999694824219
748214,51.69999694824219
748215,54.600006103515625
748216,90.60000610351562
748217,90.60000610351562
748218,90.60000610351562
748219,90.60000610351562
748220,90.60000610351562
748221,90.60000610351562
748222,90.60000610351562
748223,90.60000610351562
748231,51.69999694824219
748232,90.60000610351562
748301,85.5
748302,85.5
748303,85.5
748304,85.5
748305,85.5
748306,54.600006103515625
748308,85.5
748309,85.5
748310,85.5
748311,85.5
748312,85.5
748313,85.5
748314,85.5
748315,85.5
748316,85.5
748317,85.5
748318,19.040000915527344
748319,113.39999389648438
748321,113.39999389648438
748322,85.5
748323,85.5
748324,85.5
748325,54.600006103515625
748326,85.5
748327,85.5
748328,85.5
748329,85.5
748330,85.5
748331,85.5
748332,85.5
748333,85.5
748334,85.5
748335,85.5
748336,85.5
748337,85.5
748338,85.5
748339,85.5
748340,85.5
748341,85.5
748342,85.5
748343,85.5
748344,85.5
748345,85.5
748346,85.5
748347,85.5
748349,85.5
748350,85.5
748351,85.5
748352,85.5
748353,85.5
748354,85.5
748355,85.5
748356,85.5
748357,85.5
748358,85.5
748359,85.5
748361,85.5
748362,85.5
748363,85.5
748364,85.5
748371,85.5
748372,54.600006103515625
748373,85.5
748374,85.5
748401,16.959999084472656
748402,16.959999084472656
748403,16.959999084472656
748404,16.959999084472656
748405,16.959999084472656
748406,16.959999084472656
748407,16.959999084472656
748408,16.959999084472656
748409,16.959999084472656
748410,16.959999084472656
748411,16.959999084472656
748412,16.959999084472656
748413,16.959999084472656
748414,16.959999084472656
748415,16.959999084472656
748416,16.959999084472656
748417,16.959999084472656
748418,16.959999084472656
748419,16.959999084472656
748420,16.959999084472656
748421,16.959999084472656
748422,16.959999084472656
748423,16.959999084472656
748424,16.959999084472656
748425,16.959999084472656
748426,16.959999084472656
748427,16.959999084472656
748428,16.959999084472656
748429,16.959999084472656
748430,16.959999084472656
748431,16.959999084472656
748432,16.959999084472656
748433,16.959999084472656
748434,16.959999084472656
748435,16.959999084472656
748436,16.959999084472656
748437,16.959999084472656
748438,16.959999084472656
748439,16.959999084472656
748440,16.959999084472656
748442,16.959999084472656
748443,16.959999084472656
748444,16.959999084472656
748445,16.959999084472656
748446,16.959999084472656
748447,16.959999084472656
748448,16.959999084472656
748449,16.959999084472656
748450,16.959999084472656
748451,16.959999084472656
748452,16.959999084472656
748453,16.959999084472656
748454,16.959999084472656
748455,16.959999084472656
748456,16.959999084472656
748457,16.959999084472656
748458,16.959999084472656
748459,16.959999084472656
748460,16.959999084472656
748461,16.959999084472656
748462,16.959999084472656
748463,16.959999084472656
748464,16.959999084472656
748465,16.959999084472656
748467,16.959999084472656
748468,16.959999084472656
748469,16.959999084472656
748470,16.959999084472656
748471,16.959999084472656
748472,16.959999084472656
748473,16.959999084472656
748474,16.959999084472656
748475,16.959999084472656
748476,16.959999084472656
748477,16.959999084472656
748478,16.959999084472656
748479,16.959999084472656
748480,16.959999084472656
748481,16.959999084472656
748482,16.959999084472656
748483,16.959999084472656
748484,16.959999084472656
748485,16.959999084472656
748486,16.959999084472656
748487,16.959999084472656
748488,16.959999084472656
748489,16.959999084472656
748490,16.959999084472656
748491,16.959999084472656
748492,16.959999084472656
748493,16.959999084472656
748494,16.959999084472656
748495,16.959999084472656
748497,16.959999084472656
748498,16.959999084472656
748499,16.959999084472656
748603,1.9799995422363281
748604,1.9799995422363281
748605,1.9799995422363281
748607,325.3999938964844
748608,333.70001220703125
748609,333.5
748610,324.5
748611,324.5
748612,1.9799995422363281
748613,1.9799995422363281
748614,1.9799995422363281
748615,1.9799995422363281
748616,324.5
748617,333.70001220703125
748618,324.5
748619,1.9799995422363281
748620,1.9799995422363281
748621,1.9799995422363281
748622,1.9799995422363281
748623,1.9799995422363281
748624,1.9799995422363281
748631,324.5
748632,1.9799995422363281
748633,1.9799995422363281
748801,4.840003967285156
748802,4.840003967285156
748803,4.840003967285156
748804,4.840003967285156
748805,4.840003967285156
748811,4.840003967285156
748812,4.840003967285156
748813,4.840003967285156
748814,4.840003967285156
748815,4.840003967285156
750901,0.0
751201,0.0
751301,0.0
751302,0.0
751303,0.0
756001,0.0
756002,7.62939453125e-06
756101,0.0
756102,0.0
756103,0.0
756104,0.0
756201,0.0
756202,0.0
756203,7.62939453125e-06
756204,7.62939453125e-06
756301,0.0
758001,0.0
758002,0.0
758003,0.0
758004,0.0
758005,0.0
758006,0.0
758007,0.0
758008,0.0
758009,0.0
758010,0.0
758011,0.0
758012,0.0
758013,0.0
758014,0.0
758015,0.0
758016,0.0
758017,0.0
758018,0.0
758019,0.0
758101,0.0
758102,0.0
758103,0.0
758104,0.0
758105,0.0
758106,0.0
758107,0.0
758108,0.0
758109,0.0
758110,0.0
758111,0.0
758112,0.0
758113,0.0
758114,0.0
758115,0.0
758116,0.0
758117,0.0
758118,0.0
758201,0.0
758202,0.0
758203,0.0
758301,0.0
758302,0.0
758303,0.0
758304,0.0
758305,0.0
758306,0.0
758401,0.0
758601,0.0
758602,0.0
758603,0.0
758604,0.0
758605,0.0
758606,0.0
758607,0.0
797001,3.5
797002,3.5
797003,3.5
797004,3.5
797005,3.5
797006,3.5
797007,3.5
798001,3.5
798002,3.5
798003,3.5
798004,3.5
798005,3.5
798006,3.5
798007,3.5
798008,3.5
798009,3.5
798010,3.5
798011,3.5
798012,3.5
798013,3.5
798014,3.5
798015,3.5
798016,3.5
798017,3.5
798018,3.5
798019,3.5
798020,3.5
798021,3.5
798022,3.5
798023,3.5
798024,3.5
798025,3.5
798026,3.5
798027,3.5
798028,3.5
798029,3.5
798030,3.5
798031,3.5
798032,3.5
798033,3.5
798034,3.5
798035,3.5
798036,3.5
798037,3.5
798038,3.5
798039,3.5
798040,3.5
798041,3.5
798042,3.5
798043,3.5
798044,3.5
798045,3.5
798046,3.5
798047,3.5
798048,3.5
798049,3.5
798050,3.5
798051,3.5
798052,3.5
798053,3.5
798054,3.5
798055,3.5
798056,3.5
798057,3.5
798058,3.5
798059,3.5
798060,3.5
798061,3.5
798062,3.5
798063,3.5
798064,3.5
798065,3.5
798066,3.5
798067,3.5
798068,3.5
798069,3.5
798070,3.5
798071,3.5
798072,3.5
798073,3.5
798074,3.5
798075,3.5
798076,3.5
798077,3.5
798078,3.5
798079,3.5
798080,3.5
798081,3.5
798082,3.5
798083,3.5
798084,3.5
798085,3.5
798086,3.5
798087,3.5
798088,3.5
798089,3.5
798090,3.5
798091,3.5
798092,3.5
798093,3.5
798094,3.5
798095,3.5
798096,3.5
798097,3.5
798098,3.5
798099,3.5
881401,0.0
881402,0.0
881403,0.0
881404,0.0
881405,7.62939453125e-06
881406,7.62939453125e-06
881407,7.62939453125e-06
881408,7.62939453125e-06
881409,0.0
881410,0.0
886001,0.0
886002,0.0
886003,0.0
886004,0.0
886005,0.0
886006,0.0
886007,0.0
886008,0.0
886011,0.0
886101,0.0
886102,0.0
886103,0.0
886104,0.0
886105,0.0
886106,0.0
886107,0.0
886108,0.0
886109,0.0
886110,0.0
886111,0.0
886112,0.0
886113,7.62939453125e-06
886114,0.0
886115,0.0
886116,0.0
886117,0.0
886118,0.0
886119,0.0
886120,0.0
886121,0.0
886122,7.62939453125e-06
886123,0.0
886124,0.0
886125,0.0
886131,0.0
886132,0.0
886201,0.0
886202,0.0
886203,0.0
886204,0.0
886205,0.0
886206,0.0
886207,0.0
886208,0.0
886209,0.0
886210,0.0
886211,0.0
886212,0.0
886213,0.0
886301,0.0
886302,0.0
886303,0.0
886304,0.0
886305,0.0
886306,0.0
886307,0.0
886308,0.0
886309,0.0
886311,0.0
886312,0.0
886401,7.62939453125e-06
886402,0.0
886403,0.0
886404,0.0
886405,0.0
886406,0.0
886407,0.0
886408,0.0
886411,0.0
887002,7.62939453125e-06
887004,0.0
887005,0.0
887006,0.0
887007,0.0
887008,0.0
887009,0.0
887010,0.0
887011,0.0
887012,0.0
887013,0.0
887014,0.0
887015,0.0
887016,0.0
887017,0.0
887018,0.0
887019,0.0
887020,0.0
887021,0.0
887022,0.0
887023,0.0
887024,0.0
887025,0.0
887026,0.0
887027,0.0
887028,0.0
887029,0.0
887030,0.0
887031,0.0
887032,0.0
887033,0.0
887034,0.0
887035,0.0
887036,0.0
887037,0.0
887038,0.0
887039,0.0
887040,0.0
887041,0.0
887042,0.0
887043,0.0
887044,0.0
887045,0.0
887046,0.0
887047,0.0
887048,0.0
887049,0.0
887050,0.0
887051,0.0
887052,0.0
887053,0.0
887054,0.0
887055,7.62939453125e-06
887056,7.62939453125e-06
887057,0.0
887058,0.0
887059,0.0
887060,0.0
887061,0.0
887062,7.62939453125e-06
887063,7.62939453125e-06
887064,7.62939453125e-06
887065,0.0
887066,0.0
887067,0.0
887068,0.0
887069,0.0
887070,7.62939453125e-06
887071,0.0
887072,0.0
887081,0.0
887082,0.0
887083,0.0
887084,0.0
887085,0.0
888001,0.0
888003,0.0
888004,0.0
888005,0.0
888006,0.0
888007,0.0
888008,0.0
888009,0.0
888010,0.0
888012,0.0
888013,0.0
888014,0.0
888015,0.0
888016,0.0
888017,0.0
888018,0.0
888019,0.0
888020,0.0
888021,0.0
888022,0.0
888023,0.0
888024,0.0
888025,0.0
888026,0.0
888027,0.0
888028,0.0
888029,0.0
888030,0.0
888031,0.0
888032,0.0
888033,0.0
888034,0.0
888035,0.0
888036,0.0
888037,0.0
888038,0.0
888039,0.0
888040,0.0
888041,0.0
888042,0.0
888043,0.0
888044,0.0
888045,0.0
888046,0.0
888047,0.0
888048,0.0
888049,0.0
888050,0.0
888051,0.0
888053,0.0
888054,0.0
888055,0.0
888056,0.0
888057,0.0
888058,0.0
888059,0.0
888060,0.0
888061,0.0
888062,0.0
888063,0.0
888064,0.0
888065,0.0
888066,0.0
888067,0.0
888068,0.0
888069,0.0
888070,0.0
888071,0.0
888072,0.0
888073,0.0
888074,0.0
888075,0.0
888076,0.0
888077,0.0
888078,0.0
888079,0.0
888080,0.0
888081,0.0
888082,0.0
888083,0.0
888084,0.0
888085,0.0
888086,0.0
888087,0.0
888088,0.0
888089,0.0
888090,0.0
888092,0.0
888093,0.0
888094,0.0
888095,0.0
888096,0.0
888097,0.0
888098,0.0
888099,0.0
888101,7.62939453125e-06
888102,7.62939453125e-06
888103,7.62939453125e-06
888104,7.62939453125e-06
888105,7.62939453125e-06
888106,7.62939453125e-06
888107,7.62939453125e-06
888108,7.62939453125e-06
888109,7.62939453125e-06
888110,7.62939453125e-06
888111,0.0
888112,0.0
888113,7.62939453125e-06
888114,7.62939453125e-06
888115,7.62939453125e-06
888116,0.0
888117,7.62939453125e-06
888201,0.0
888202,0.0
888203,0.0
888204,0.0
888205,0.0
888206,0.0
888207,0.0
888208,0.0
888209,0.0
888210,0.0
888211,0.0
888302,0.0
888303,0.0
888304,0.0
888305,0.0
888306,0.0
888307,0.0
888308,0.0
888309,0.0
888310,0.0
888311,0.0
888312,0.0
888313,0.0
888314,0.0
888315,0.0
888316,0.0
888317,0.0
888318,0.0
888319,0.0
888320,0.0
888321,0.0
888322,0.0
888323,0.0
888324,0.0
888325,0.0
888326,0.0
888331,0.0
888332,0.0
888401,0.0
888402,0.0
888403,0.0
888404,0.0
888405,0.0
888406,0.0
888407,0.0
888408,0.0
888409,0.0
888410,0.0
888502,0.0
888503,0.0
888504,0.0
888505,0.0
888506,0.0
888507,0.0
888508,0.0
888509,0.0
888510,0.0
888511,0.0
888512,0.0
888513,0.0
888514,0.0
888515,0.0
888516,0.0
888517,0.0
888518,0.0
888521,0.0
888522,0.0
888523,0.0
888524,0.0
890401,0.0
890402,0.0
890403,0.0
890404,0.0
890405,0.0
890406,0.0
890701,0.0
890702,0.0
890703,0.0
890704,0.0
890705,0.0
890706,0.0
890707,0.0
890708,0.0
890709,0.0
890710,0.0
890711,0.0
890712,0.0
890713,0.0
890720,0.0
890721,0.0
890722,0.0
890724,0.0
890725,0.0
890726,0.0
890727,0.0
890728,0.0
890729,0.0
890730,0.0
890731,0.0
890732,0.0
890733,0.0
890741,0.0
890742,0.0
890743,0.0
890744,0.0
890745,0.0
890746,0.0
891701,7.62939453125e-06
891702,7.62939453125e-06
891703,7.62939453125e-06
891704,7.62939453125e-06
891705,0.0
891706,0.0
891707,7.62939453125e-06
891708,7.62939453125e-06
891709,0.0
891710,0.0
891711,7.62939453125e-06
891712,7.62939453125e-06
891713,7.62939453125e-06
891721,7.62939453125e-06
891722,0.0
891723,7.62939453125e-06
896001,0.0
896002,0.0
896004,0.0
896005,0.0
896006,0.0
896007,0.0
896011,0.0
896012,0.0
896013,0.0
896101,0.0
896102,0.0
896103,0.0
896104,0.0
896105,0.0
896106,0.0
896107,0.0
896108,0.0
896109,0.0
896110,0.0
896111,0.0
896121,0.0
896122,0.0
896201,0.0
896202,0.0
896203,0.0
896204,0.0
896205,0.0
896206,0.0
896211,0.0
897001,0.0
897002,0.0
897003,0.0
897004,0.0
897005,0.0
897006,0.0
897007,0.0
897008,0.0
897009,0.0
897010,0.0
897011,0.0
897012,0.0
897013,0.0
897014,0.0
897015,0.0
897016,0.0
897017,0.0
897018,0.0
897019,0.0
897020,0.0
897021,0.0
897022,0.0
897023,0.0
897024,0.0
897025,0.0
897026,0.0
897027,0.0
897028,0.0
897029,0.0
897030,0.0
897031,0.0
897032,0.0
897033,0.0
897034,0.0
897035,0.0
897036,0.0
897037,0.0
897038,0.0
897039,0.0
897040,7.62939453125e-06
897041,7.62939453125e-06
897043,0.0
897044,0.0
897045,0.0
897046,0.0
897047,0.0
897048,0.0
897049,0.0
897050,0.0
897051,0.0
897052,0.0
897053,0.0
897054,0.0
897055,0.0
897056,0.0
897057,0.0
897058,0.0
897059,0.0
897060,0.0
897061,0.0
897062,0.0
897063,0.0
897064,0.0
897065,0.0
897066,0.0
897067,0.0
897068,0.0
897069,0.0
897070,0.0
897071,0.0
897072,7.62939453125e-06
898001,0.0
898002,0.0
898003,0.0
898004,0.0
898005,0.0
898006,0.0
898007,0.0
898008,0.0
898009,0.0
898010,0.0
898011,0.0
898012,0.0
898013,0.0
898014,0.0
898015,0.0
898016,0.0
898017,0.0
898018,0.0
898019,0.0
898020,0.0
898021,0.0
898022,0.0
898023,0.0
898024,0.0
898025,0.0
898026,0.0
898027,0.0
898028,0.0
898029,0.0
898030,0.0
898031,0.0
898032,0.0
898033,0.0
898034,0.0
898035,0.0
898036,0.0
898037,0.0
898038,0.0
898039,0.0
898040,0.0
898041,0.0
898042,0.0
898043,0.0
898044,0.0
898045,0.0
898046,0.0
898047,0.0
898048,0.0
898049,0.0
898051,0.0
898052,0.0
898053,0.0
898055,0.0
898056,0.0
898057,0.0
898058,0.0
898059,0.0
898060,0.0
898061,0.0
898062,0.0
898063,0.0
898064,0.0
898065,0.0
898066,0.0
898067,0.0
898068,0.0
898069,0.0
898071,0.0
898072,0.0
898073,0.0
898074,0.0
898075,0.0
898076,0.0
898077,0.0
898079,0.0
898080,0.0
898081,0.0
898082,0.0
898083,0.0
898084,0.0
898085,0.0
898086,0.0
898088,0.0
898089,0.0
898090,0.0
898091,0.0
898092,0.0
898093,0.0
898094,0.0
898095,0.0
898096,0.0
898097,0.0
898098,0.0
898099,0.0
898101,7.62939453125e-06
898102,7.62939453125e-06
898103,7.62939453125e-06
898104,7.62939453125e-06
898105,7.62939453125e-06
898106,7.62939453125e-06
898107,7.62939453125e-06
898108,7.62939453125e-06
898109,7.62939453125e-06
898110,7.62939453125e-06
898111,0.0
898112,7.62939453125e-06
898113,0.0
898114,0.0
898115,7.62939453125e-06
898116,7.62939453125e-06
898117,7.62939453125e-06
898118,7.62939453125e-06
898121,7.62939453125e-06
898122,7.62939453125e-06
898123,7.62939453125e-06
898124,7.62939453125e-06
898125,7.62939453125e-06
898126,7.62939453125e-06
898127,7.62939453125e-06
898128,7.62939453125e-06
898129,7.62939453125e-06
898201,7.62939453125e-06
898202,0.0
898203,0.0
898204,0.0
898205,0.0
898206,0.0
898207,0.0
898208,0.0
898209,7.62939453125e-06
898210,0.0
898211,0.0
898212,0.0
898221,7.62939453125e-06
898301,0.0
898302,0.0
898303,0.0
898304,0.0
898305,0.0
898306,0.0
898307,0.0
898308,0.0
898309,0.0
898310,0.0
898311,0.0
898312,0.0
898313,0.0
898314,0.0
898315,0.0
898316,0.0
898317,0.0
898318,0.0
898319,0.0
898320,0.0
898321,0.0
898322,0.0
898323,0.0
898324,0.0
898325,0.0
898326,0.0
898327,0.0
898328,0.0
898329,0.0
898330,0.0
898331,0.0
898332,0.0
898333,0.0
898334,0.0
898341,0.0
898342,0.0
898343,0.0
898401,0.0
898402,0.0
898403,0.0
898404,0.0
898405,0.0
898406,0.0
898407,0.0
898408,0.0
898409,0.0
898410,0.0
898411,0.0
898412,0.0
898421,0.0
986021,3.5
986031,3.5
986221,3.5
986231,3.70001220703125
986371,3.5
986431,3.5
986432,3.5
986601,3.5
986611,3.5
986621,3.5
986631,3.5
986632,3.5
986801,3.5
986802,3.5
986803,3.5
986811,3.5
986812,3.5
986821,3.5
986831,3.5
986832,3.5
986833,3.5
986834,3.5
986841,3.5
986851,3.5
986861,3.5
986862,3.5
986863,3.5
986864,3.5
987151,3.5
987301,3.5
987302,3.5
987303,3.5
987371,3.5
987372,3.5
987601,3.5
987611,3.5
987621,3.5
987631,3.5
987632,3.5
987641,3.5
987642,3.5
987651,3.5
987661,3.5
987801,3.5
987802,3.5
987803,3.5
987804,3.5
987811,3.5
987821,3.5
987822,3.5
987823,3.5
987831,3.5
987841,3.5
987842,3.5
987843,3.5
987851,3.5
990211,7.0
990231,7.0
990232,7.0
990261,7.0
990291,7.0
990311,7.0
990341,7.0
990391,7.0
990392,7.0
990393,7.0
990611,7.0
990612,7.0
990621,7.0
990801,7.0
990802,7.0
990803,7.0
990811,7.0
990812,7.0
990813,7.0
990821,7.0
990831,7.0
990832,7.0
990833,7.0
990841,7.0
990842,7.0
990851,7.0
990852,7.0
991011,23.0
991041,23.0
991211,23.0
991212,23.0
991321,23.0
991611,23.0
991612,23.0
991613,23.0
991801,23.0
991802,23.0
991803,23.0
991804,23.0
991811,23.0
991812,23.0
991813,23.0
991821,23.0
991822,23.0
991823,23.0
991824,23.0
991831,23.0
991832,23.0
991833,23.0
991841,23.0
991842,23.0
991843,23.0
991844,23.0
